score,num_cut,learning_rate,temperature,random_seed
0.7797255757103236,,0.005,1,42
0.7797255757103236,,0.005,1,42
0.7797255757103236,,0.005,1,42
0.7797255757103236,,0.005,1,42
