score,num_cut,learning_rate,temperature,random_seed
0.913586516690915,,0.1,0.01,42
0.9070957761635728,,0.1,0.01,42
