score,num_cut,learning_rate,temperature,random_seed
0.9033764211591278,,0.001,0.1,42
0.9033764211591278,,0.001,0.1,42
