score,num_cut,learning_rate,temperature,random_seed
0.9184468409735611,,0.1,0.01,42
0.9184316441812941,,0.1,0.01,42
