score,num_cut,learning_rate,temperature,random_seed
0.7716594968198323,,0.05,0.001,42
0.7716594968198323,,0.05,0.001,42
