score,num_cut,learning_rate,temperature,random_seed
0.657697864337118,,0.05,0.1,42
0.657697864337118,,0.05,0.1,42
