score,num_cut,learning_rate,temperature,random_seed
0.72469534822476,,0.005,1,42
0.72469534822476,,0.005,1,42
0.72469534822476,,0.005,1,42
0.72469534822476,,0.005,1,42
