score,num_cut,learning_rate,temperature,random_seed
0.6968540101478072,,0.001,1,42
0.6968540101478072,,0.001,1,42
